{"count":1,"gauges":{},"self":10.999343999999999,"total":11.4611251,"children":{"AgentSendState":{"count":539,"self":0.0397005,"total":0.056532599999999995,"children":{"CollectObservations":{"count":1296,"self":0.0128673,"total":0.0128673,"children":null},"CollectDiscreteActionMasks":{"count":1296,"self":0.0039648,"total":0.0039648,"children":null}}},"DecideAction":{"count":539,"self":0.3594217,"total":0.3594217,"children":null},"AgentAct":{"count":539,"self":0.0448292,"total":0.0448292,"children":null}}}