{"count":1,"self":24.3989728,"total":95.2588475,"children":{"InitializeSensors":{"count":68,"self":0.0049851999999999995,"total":0.0049851999999999995,"children":null},"AgentSendState":{"count":7184,"self":3.1785134,"total":21.097406,"children":{"CollectObservations":{"count":97716,"self":0.5105849,"total":0.5105849,"children":null},"CollectDiscreteActionMasks":{"count":97716,"self":0.44216469999999997,"total":0.44216469999999997,"children":null},"AgentInfo.ToProto":{"count":97716,"self":1.3642132,"total":16.966143,"children":{"GenerateSensorData":{"count":97716,"self":7.0146463999999993,"total":15.601929799999999,"children":{"RayPerceptionSensor.Perceive":{"count":195432,"self":8.5872832,"total":8.5872830999999987,"children":null}}}}}}},"DecideAction":{"count":7184,"self":48.1264416,"total":48.1264405,"children":null},"AgentAct":{"count":7184,"self":1.6040554,"total":1.6300439,"children":{"AgentInfo.ToProto":{"count":204,"self":0.0039995,"total":0.025988499999999998,"children":{"GenerateSensorData":{"count":204,"self":0.0099922999999999991,"total":0.021988999999999998,"children":{"RayPerceptionSensor.Perceive":{"count":408,"self":0.011996699999999999,"total":0.011996699999999999,"children":null}}}}}}}},"gauges":{"FinalGame.CumulativeReward":{"count":204,"max":0.333333343,"min":-0.333333343,"runningAverage":5.87783364E-11,"value":0,"weightedAverage":0.000202329888}},"metadata":{"timer_format_version":"0.1.0","start_time_seconds":"1594056043","unity_version":"2019.4.0f1","command_line_arguments":"C:\\Program Files\\Unity\\Hub\\Editor\\2019.4.0f1\\Editor\\Unity.exe -projectpath C:\/Users\/Marc\/Documents\/GitHub\/reinforcement-learning -useHub -hubIPC -cloudEnvironment production -hubSessionId 47ac88a0-bfa5-11ea-ab7c-192bb02b6015","communication_protocol_version":"1.0.0","com.unity.ml-agents_version":"1.1.0-preview","scene_name":"FinalGame","end_time_seconds":"1594056138"}}