{"cameraMode":{"drawMode":0,"name":"Shaded","section":"Shading Mode"},"sceneLighting":false,"audioPlay":false,"sceneViewState":{"showFog":true,"showMaterialUpdate":false,"showSkybox":false,"showFlares":true,"showImageEffects":true,"showParticleSystems":true},"in2DMode":false,"pivot":{"x":2.0519137382507326,"y":3.351026773452759,"z":-7.71713399887085},"rotation":{"x":0.08476642519235611,"y":0.6940801739692688,"z":-0.08285222202539444,"w":0.7100926041603088},"size":9.97244930267334,"orthographic":false}