{"cameraMode":{"drawMode":0,"name":"Shaded","section":"Shading Mode"},"sceneLighting":false,"audioPlay":false,"sceneViewState":{"showFog":true,"showMaterialUpdate":false,"showSkybox":false,"showFlares":true,"showImageEffects":true,"showParticleSystems":true},"in2DMode":false,"pivot":{"x":0.00003933906555175781,"y":1.0,"z":1.4972646236419678},"rotation":{"x":-0.43657273054122927,"y":-0.010253510437905789,"z":0.004988367669284344,"w":-0.899613618850708},"size":19.242229461669923,"orthographic":false}