{"cameraMode":{"drawMode":0,"name":"Shaded","section":"Shading Mode"},"sceneLighting":false,"audioPlay":false,"sceneViewState":{"showFog":true,"showMaterialUpdate":false,"showSkybox":false,"showFlares":true,"showImageEffects":true,"showParticleSystems":true},"in2DMode":false,"pivot":{"x":3.138820171356201,"y":-25.530303955078126,"z":19.90580940246582},"rotation":{"x":0.5062546730041504,"y":0.03490161895751953,"z":-0.020515015348792077,"w":0.8614501357078552},"size":31.56493377685547,"orthographic":false}