{"cameraMode":{"drawMode":0,"name":"Shaded","section":"Shading Mode"},"sceneLighting":false,"audioPlay":false,"sceneViewState":{"showFog":true,"showMaterialUpdate":false,"showSkybox":false,"showFlares":true,"showImageEffects":true,"showParticleSystems":true},"in2DMode":false,"pivot":{"x":-0.14999961853027345,"y":4.3300018310546879,"z":0.13000011444091798},"rotation":{"x":-0.5893958806991577,"y":0.0016937007894739509,"z":-0.001237349584698677,"w":-0.8078457713127136},"size":23.612871170043947,"orthographic":false}