{"cameraMode":{"drawMode":0,"name":"Shaded","section":"Shading Mode"},"sceneLighting":false,"audioPlay":false,"sceneViewState":{"showFog":true,"showMaterialUpdate":false,"showSkybox":false,"showFlares":true,"showImageEffects":true,"showParticleSystems":true},"in2DMode":false,"pivot":{"x":3.4800000190734865,"y":2.6540000438690187,"z":3.890000104904175},"rotation":{"x":-0.6981552839279175,"y":0.00281147425994277,"z":-0.002722851000726223,"w":-0.7159554362297058},"size":1.3680264949798585,"orthographic":false}