{"cameraMode":{"drawMode":0,"name":"Shaded","section":"Shading Mode"},"sceneLighting":false,"audioPlay":false,"sceneViewState":{"showFog":true,"showMaterialUpdate":false,"showSkybox":false,"showFlares":true,"showImageEffects":true,"showParticleSystems":true},"in2DMode":false,"pivot":{"x":5.89349889755249,"y":7.0704827308654789,"z":-2.0941414833068849},"rotation":{"x":-0.058581385761499408,"y":-0.9208527207374573,"z":0.15219604969024659,"w":-0.3542076647281647},"size":35.97507858276367,"orthographic":false}