{"cameraMode":{"drawMode":0,"name":"Shaded","section":"Shading Mode"},"sceneLighting":true,"audioPlay":false,"sceneViewState":{"showFog":true,"showMaterialUpdate":false,"showSkybox":true,"showFlares":true,"showImageEffects":true,"showParticleSystems":true},"in2DMode":false,"pivot":{"x":-0.9360971450805664,"y":-5.2205963134765629,"z":-8.467066764831543},"rotation":{"x":-0.7013732194900513,"y":0.0017299867467954755,"z":-0.0016834134003147483,"w":-0.7128098011016846},"size":59.451419830322269,"orthographic":false}