{"cameraMode":{"drawMode":0,"name":"Shaded","section":"Shading Mode"},"sceneLighting":false,"audioPlay":false,"sceneViewState":{"showFog":true,"showMaterialUpdate":false,"showSkybox":false,"showFlares":true,"showImageEffects":true,"showParticleSystems":true},"in2DMode":false,"pivot":{"x":-1.6745164394378663,"y":1.1092939376831055,"z":-2.281466484069824},"rotation":{"x":0.041555006057024,"y":0.9417529702186585,"z":-0.3087567985057831,"w":0.12676694989204408},"size":37.720890045166019,"orthographic":false}