{"cameraMode":{"drawMode":0,"name":"Shaded","section":"Shading Mode"},"sceneLighting":true,"audioPlay":false,"sceneViewState":{"showFog":true,"showMaterialUpdate":false,"showSkybox":true,"showFlares":true,"showImageEffects":true,"showParticleSystems":true},"in2DMode":false,"pivot":{"x":-8.308964729309082,"y":-2.876861572265625,"z":-2.1671524047851564},"rotation":{"x":0.5128478407859802,"y":0.003861873410642147,"z":-0.002311509335413575,"w":0.8584761619567871},"size":45.60504150390625,"orthographic":false}