{"cameraMode":{"drawMode":0,"name":"Shaded","section":"Shading Mode"},"sceneLighting":false,"audioPlay":false,"sceneViewState":{"showFog":true,"showMaterialUpdate":false,"showSkybox":false,"showFlares":true,"showImageEffects":true,"showParticleSystems":true},"in2DMode":false,"pivot":{"x":0.00003933906555175781,"y":1.0,"z":1.4972646236419678},"rotation":{"x":0.0006581629277206957,"y":0.9902452230453491,"z":-0.13935497403144837,"w":0.004755905829370022},"size":3.8180224895477297,"orthographic":false}