{"cameraMode":{"drawMode":0,"name":"Shaded","section":"Shading Mode"},"sceneLighting":false,"audioPlay":false,"sceneViewState":{"showFog":true,"showMaterialUpdate":false,"showSkybox":false,"showFlares":true,"showImageEffects":true,"showParticleSystems":true},"in2DMode":false,"pivot":{"x":-0.08644850552082062,"y":1.296067714691162,"z":0.6868137121200562},"rotation":{"x":0.0014261931646615267,"y":-0.9978429675102234,"z":0.06175510212779045,"w":0.023061059415340425},"size":1.691849708557129,"orthographic":false}